PassengerId,Age,SibSp,Parch,Pclass_1,Pclass_2,Pclass_3,Embarked_C,Embarked_Q,Embarked_S,Sex_female,Sex_male,Survived
1,22.0,1,0,0,0,1,0,0,1,0,1,0
2,38.0,1,0,1,0,0,1,0,0,1,0,1
3,26.0,0,0,0,0,1,0,0,1,1,0,1
4,35.0,1,0,1,0,0,0,0,1,1,0,1
5,35.0,0,0,0,0,1,0,0,1,0,1,0
6,29.9,0,0,0,0,1,0,1,0,0,1,0
7,54.0,0,0,1,0,0,0,0,1,0,1,0
8,2.0,3,1,0,0,1,0,0,1,0,1,0
9,27.0,0,2,0,0,1,0,0,1,1,0,1
10,14.0,1,0,0,1,0,1,0,0,1,0,1
11,4.0,1,1,0,0,1,0,0,1,1,0,1
12,58.0,0,0,1,0,0,0,0,1,1,0,1
13,20.0,0,0,0,0,1,0,0,1,0,1,0
14,39.0,1,5,0,0,1,0,0,1,0,1,0
15,14.0,0,0,0,0,1,0,0,1,1,0,0
16,55.0,0,0,0,1,0,0,0,1,1,0,1
17,2.0,4,1,0,0,1,0,1,0,0,1,0
18,29.9,0,0,0,1,0,0,0,1,0,1,1
19,31.0,1,0,0,0,1,0,0,1,1,0,0
20,29.9,0,0,0,0,1,1,0,0,1,0,1
21,35.0,0,0,0,1,0,0,0,1,0,1,0
22,34.0,0,0,0,1,0,0,0,1,0,1,1
23,15.0,0,0,0,0,1,0,1,0,1,0,1
24,28.0,0,0,1,0,0,0,0,1,0,1,1
25,8.0,3,1,0,0,1,0,0,1,1,0,0
26,38.0,1,5,0,0,1,0,0,1,1,0,1
27,29.9,0,0,0,0,1,1,0,0,0,1,0
28,19.0,3,2,1,0,0,0,0,1,0,1,0
29,29.9,0,0,0,0,1,0,1,0,1,0,1
30,29.9,0,0,0,0,1,0,0,1,0,1,0
31,40.0,0,0,1,0,0,1,0,0,0,1,0
32,29.9,1,0,1,0,0,1,0,0,1,0,1
33,29.9,0,0,0,0,1,0,1,0,1,0,1
34,66.0,0,0,0,1,0,0,0,1,0,1,0
35,28.0,1,0,1,0,0,1,0,0,0,1,0
36,42.0,1,0,1,0,0,0,0,1,0,1,0
37,29.9,0,0,0,0,1,1,0,0,0,1,1
38,21.0,0,0,0,0,1,0,0,1,0,1,0
39,18.0,2,0,0,0,1,0,0,1,1,0,0
40,14.0,1,0,0,0,1,1,0,0,1,0,1
41,40.0,1,0,0,0,1,0,0,1,1,0,0
42,27.0,1,0,0,1,0,0,0,1,1,0,0
43,29.9,0,0,0,0,1,1,0,0,0,1,0
44,3.0,1,2,0,1,0,1,0,0,1,0,1
45,19.0,0,0,0,0,1,0,1,0,1,0,1
46,29.9,0,0,0,0,1,0,0,1,0,1,0
47,29.9,1,0,0,0,1,0,1,0,0,1,0
48,29.9,0,0,0,0,1,0,1,0,1,0,1
49,29.9,2,0,0,0,1,1,0,0,0,1,0
50,18.0,1,0,0,0,1,0,0,1,1,0,0
51,7.0,4,1,0,0,1,0,0,1,0,1,0
52,21.0,0,0,0,0,1,0,0,1,0,1,0
53,49.0,1,0,1,0,0,1,0,0,1,0,1
54,29.0,1,0,0,1,0,0,0,1,1,0,1
55,65.0,0,1,1,0,0,1,0,0,0,1,0
56,29.9,0,0,1,0,0,0,0,1,0,1,1
57,21.0,0,0,0,1,0,0,0,1,1,0,1
58,28.5,0,0,0,0,1,1,0,0,0,1,0
59,5.0,1,2,0,1,0,0,0,1,1,0,1
60,11.0,5,2,0,0,1,0,0,1,0,1,0
61,22.0,0,0,0,0,1,1,0,0,0,1,0
62,38.0,0,0,1,0,0,0,0,0,1,0,1
63,45.0,1,0,1,0,0,0,0,1,0,1,0
64,4.0,3,2,0,0,1,0,0,1,0,1,0
65,29.9,0,0,1,0,0,1,0,0,0,1,0
66,29.9,1,1,0,0,1,1,0,0,0,1,1
67,29.0,0,0,0,1,0,0,0,1,1,0,1
68,19.0,0,0,0,0,1,0,0,1,0,1,0
69,17.0,4,2,0,0,1,0,0,1,1,0,1
70,26.0,2,0,0,0,1,0,0,1,0,1,0
71,32.0,0,0,0,1,0,0,0,1,0,1,0
72,16.0,5,2,0,0,1,0,0,1,1,0,0
73,21.0,0,0,0,1,0,0,0,1,0,1,0
74,26.0,1,0,0,0,1,1,0,0,0,1,0
75,32.0,0,0,0,0,1,0,0,1,0,1,1
76,25.0,0,0,0,0,1,0,0,1,0,1,0
77,29.9,0,0,0,0,1,0,0,1,0,1,0
78,29.9,0,0,0,0,1,0,0,1,0,1,0
79,0.83,0,2,0,1,0,0,0,1,0,1,1
80,30.0,0,0,0,0,1,0,0,1,1,0,1
81,22.0,0,0,0,0,1,0,0,1,0,1,0
82,29.0,0,0,0,0,1,0,0,1,0,1,1
83,29.9,0,0,0,0,1,0,1,0,1,0,1
84,28.0,0,0,1,0,0,0,0,1,0,1,0
85,17.0,0,0,0,1,0,0,0,1,1,0,1
86,33.0,3,0,0,0,1,0,0,1,1,0,1
87,16.0,1,3,0,0,1,0,0,1,0,1,0
88,29.9,0,0,0,0,1,0,0,1,0,1,0
89,23.0,3,2,1,0,0,0,0,1,1,0,1
90,24.0,0,0,0,0,1,0,0,1,0,1,0
91,29.0,0,0,0,0,1,0,0,1,0,1,0
92,20.0,0,0,0,0,1,0,0,1,0,1,0
93,46.0,1,0,1,0,0,0,0,1,0,1,0
94,26.0,1,2,0,0,1,0,0,1,0,1,0
95,59.0,0,0,0,0,1,0,0,1,0,1,0
96,29.9,0,0,0,0,1,0,0,1,0,1,0
97,71.0,0,0,1,0,0,1,0,0,0,1,0
98,23.0,0,1,1,0,0,1,0,0,0,1,1
99,34.0,0,1,0,1,0,0,0,1,1,0,1
100,34.0,1,0,0,1,0,0,0,1,0,1,0
101,28.0,0,0,0,0,1,0,0,1,1,0,0
102,29.9,0,0,0,0,1,0,0,1,0,1,0
103,21.0,0,1,1,0,0,0,0,1,0,1,0
104,33.0,0,0,0,0,1,0,0,1,0,1,0
105,37.0,2,0,0,0,1,0,0,1,0,1,0
106,28.0,0,0,0,0,1,0,0,1,0,1,0
107,21.0,0,0,0,0,1,0,0,1,1,0,1
108,29.9,0,0,0,0,1,0,0,1,0,1,1
109,38.0,0,0,0,0,1,0,0,1,0,1,0
110,29.9,1,0,0,0,1,0,1,0,1,0,1
111,47.0,0,0,1,0,0,0,0,1,0,1,0
112,14.5,1,0,0,0,1,1,0,0,1,0,0
113,22.0,0,0,0,0,1,0,0,1,0,1,0
114,20.0,1,0,0,0,1,0,0,1,1,0,0
115,17.0,0,0,0,0,1,1,0,0,1,0,0
116,21.0,0,0,0,0,1,0,0,1,0,1,0
117,70.5,0,0,0,0,1,0,1,0,0,1,0
118,29.0,1,0,0,1,0,0,0,1,0,1,0
119,24.0,0,1,1,0,0,1,0,0,0,1,0
120,2.0,4,2,0,0,1,0,0,1,1,0,0
121,21.0,2,0,0,1,0,0,0,1,0,1,0
122,29.9,0,0,0,0,1,0,0,1,0,1,0
123,32.5,1,0,0,1,0,1,0,0,0,1,0
124,32.5,0,0,0,1,0,0,0,1,1,0,1
125,54.0,0,1,1,0,0,0,0,1,0,1,0
126,12.0,1,0,0,0,1,1,0,0,0,1,1
127,29.9,0,0,0,0,1,0,1,0,0,1,0
128,24.0,0,0,0,0,1,0,0,1,0,1,1
129,29.9,1,1,0,0,1,1,0,0,1,0,1
130,45.0,0,0,0,0,1,0,0,1,0,1,0
131,33.0,0,0,0,0,1,1,0,0,0,1,0
132,20.0,0,0,0,0,1,0,0,1,0,1,0
133,47.0,1,0,0,0,1,0,0,1,1,0,0
134,29.0,1,0,0,1,0,0,0,1,1,0,1
135,25.0,0,0,0,1,0,0,0,1,0,1,0
136,23.0,0,0,0,1,0,1,0,0,0,1,0
137,19.0,0,2,1,0,0,0,0,1,1,0,1
138,37.0,1,0,1,0,0,0,0,1,0,1,0
139,16.0,0,0,0,0,1,0,0,1,0,1,0
140,24.0,0,0,1,0,0,1,0,0,0,1,0
141,29.9,0,2,0,0,1,1,0,0,1,0,0
142,22.0,0,0,0,0,1,0,0,1,1,0,1
143,24.0,1,0,0,0,1,0,0,1,1,0,1
144,19.0,0,0,0,0,1,0,1,0,0,1,0
145,18.0,0,0,0,1,0,0,0,1,0,1,0
146,19.0,1,1,0,1,0,0,0,1,0,1,0
147,27.0,0,0,0,0,1,0,0,1,0,1,1
148,9.0,2,2,0,0,1,0,0,1,1,0,0
149,36.5,0,2,0,1,0,0,0,1,0,1,0
150,42.0,0,0,0,1,0,0,0,1,0,1,0
151,51.0,0,0,0,1,0,0,0,1,0,1,0
152,22.0,1,0,1,0,0,0,0,1,1,0,1
153,55.5,0,0,0,0,1,0,0,1,0,1,0
154,40.5,0,2,0,0,1,0,0,1,0,1,0
155,29.9,0,0,0,0,1,0,0,1,0,1,0
156,51.0,0,1,1,0,0,1,0,0,0,1,0
157,16.0,0,0,0,0,1,0,1,0,1,0,1
158,30.0,0,0,0,0,1,0,0,1,0,1,0
159,29.9,0,0,0,0,1,0,0,1,0,1,0
160,29.9,8,2,0,0,1,0,0,1,0,1,0
161,44.0,0,1,0,0,1,0,0,1,0,1,0
162,40.0,0,0,0,1,0,0,0,1,1,0,1
163,26.0,0,0,0,0,1,0,0,1,0,1,0
164,17.0,0,0,0,0,1,0,0,1,0,1,0
165,1.0,4,1,0,0,1,0,0,1,0,1,0
166,9.0,0,2,0,0,1,0,0,1,0,1,1
167,29.9,0,1,1,0,0,0,0,1,1,0,1
168,45.0,1,4,0,0,1,0,0,1,1,0,0
169,29.9,0,0,1,0,0,0,0,1,0,1,0
170,28.0,0,0,0,0,1,0,0,1,0,1,0
171,61.0,0,0,1,0,0,0,0,1,0,1,0
172,4.0,4,1,0,0,1,0,1,0,0,1,0
173,1.0,1,1,0,0,1,0,0,1,1,0,1
174,21.0,0,0,0,0,1,0,0,1,0,1,0
175,56.0,0,0,1,0,0,1,0,0,0,1,0
176,18.0,1,1,0,0,1,0,0,1,0,1,0
177,29.9,3,1,0,0,1,0,0,1,0,1,0
178,50.0,0,0,1,0,0,1,0,0,1,0,0
179,30.0,0,0,0,1,0,0,0,1,0,1,0
180,36.0,0,0,0,0,1,0,0,1,0,1,0
181,29.9,8,2,0,0,1,0,0,1,1,0,0
182,29.9,0,0,0,1,0,1,0,0,0,1,0
183,9.0,4,2,0,0,1,0,0,1,0,1,0
184,1.0,2,1,0,1,0,0,0,1,0,1,1
185,4.0,0,2,0,0,1,0,0,1,1,0,1
186,29.9,0,0,1,0,0,0,0,1,0,1,0
187,29.9,1,0,0,0,1,0,1,0,1,0,1
188,45.0,0,0,1,0,0,0,0,1,0,1,1
189,40.0,1,1,0,0,1,0,1,0,0,1,0
190,36.0,0,0,0,0,1,0,0,1,0,1,0
191,32.0,0,0,0,1,0,0,0,1,1,0,1
192,19.0,0,0,0,1,0,0,0,1,0,1,0
193,19.0,1,0,0,0,1,0,0,1,1,0,1
194,3.0,1,1,0,1,0,0,0,1,0,1,1
195,44.0,0,0,1,0,0,1,0,0,1,0,1
196,58.0,0,0,1,0,0,1,0,0,1,0,1
197,29.9,0,0,0,0,1,0,1,0,0,1,0
198,42.0,0,1,0,0,1,0,0,1,0,1,0
199,29.9,0,0,0,0,1,0,1,0,1,0,1
200,24.0,0,0,0,1,0,0,0,1,1,0,0
201,28.0,0,0,0,0,1,0,0,1,0,1,0
202,29.9,8,2,0,0,1,0,0,1,0,1,0
203,34.0,0,0,0,0,1,0,0,1,0,1,0
204,45.5,0,0,0,0,1,1,0,0,0,1,0
205,18.0,0,0,0,0,1,0,0,1,0,1,1
206,2.0,0,1,0,0,1,0,0,1,1,0,0
207,32.0,1,0,0,0,1,0,0,1,0,1,0
208,26.0,0,0,0,0,1,1,0,0,0,1,1
209,16.0,0,0,0,0,1,0,1,0,1,0,1
210,40.0,0,0,1,0,0,1,0,0,0,1,1
211,24.0,0,0,0,0,1,0,0,1,0,1,0
212,35.0,0,0,0,1,0,0,0,1,1,0,1
213,22.0,0,0,0,0,1,0,0,1,0,1,0
214,30.0,0,0,0,1,0,0,0,1,0,1,0
215,29.9,1,0,0,0,1,0,1,0,0,1,0
216,31.0,1,0,1,0,0,1,0,0,1,0,1
217,27.0,0,0,0,0,1,0,0,1,1,0,1
218,42.0,1,0,0,1,0,0,0,1,0,1,0
219,32.0,0,0,1,0,0,1,0,0,1,0,1
220,30.0,0,0,0,1,0,0,0,1,0,1,0
221,16.0,0,0,0,0,1,0,0,1,0,1,1
222,27.0,0,0,0,1,0,0,0,1,0,1,0
223,51.0,0,0,0,0,1,0,0,1,0,1,0
224,29.9,0,0,0,0,1,0,0,1,0,1,0
225,38.0,1,0,1,0,0,0,0,1,0,1,1
226,22.0,0,0,0,0,1,0,0,1,0,1,0
227,19.0,0,0,0,1,0,0,0,1,0,1,1
228,20.5,0,0,0,0,1,0,0,1,0,1,0
229,18.0,0,0,0,1,0,0,0,1,0,1,0
230,29.9,3,1,0,0,1,0,0,1,1,0,0
231,35.0,1,0,1,0,0,0,0,1,1,0,1
232,29.0,0,0,0,0,1,0,0,1,0,1,0
233,59.0,0,0,0,1,0,0,0,1,0,1,0
234,5.0,4,2,0,0,1,0,0,1,1,0,1
235,24.0,0,0,0,1,0,0,0,1,0,1,0
236,29.9,0,0,0,0,1,0,0,1,1,0,0
237,44.0,1,0,0,1,0,0,0,1,0,1,0
238,8.0,0,2,0,1,0,0,0,1,1,0,1
239,19.0,0,0,0,1,0,0,0,1,0,1,0
240,33.0,0,0,0,1,0,0,0,1,0,1,0
241,29.9,1,0,0,0,1,1,0,0,1,0,0
242,29.9,1,0,0,0,1,0,1,0,1,0,1
243,29.0,0,0,0,1,0,0,0,1,0,1,0
244,22.0,0,0,0,0,1,0,0,1,0,1,0
245,30.0,0,0,0,0,1,1,0,0,0,1,0
246,44.0,2,0,1,0,0,0,1,0,0,1,0
247,25.0,0,0,0,0,1,0,0,1,1,0,0
248,24.0,0,2,0,1,0,0,0,1,1,0,1
249,37.0,1,1,1,0,0,0,0,1,0,1,1
250,54.0,1,0,0,1,0,0,0,1,0,1,0
251,29.9,0,0,0,0,1,0,0,1,0,1,0
252,29.0,1,1,0,0,1,0,0,1,1,0,0
253,62.0,0,0,1,0,0,0,0,1,0,1,0
254,30.0,1,0,0,0,1,0,0,1,0,1,0
255,41.0,0,2,0,0,1,0,0,1,1,0,0
256,29.0,0,2,0,0,1,1,0,0,1,0,1
257,29.9,0,0,1,0,0,1,0,0,1,0,1
258,30.0,0,0,1,0,0,0,0,1,1,0,1
259,35.0,0,0,1,0,0,1,0,0,1,0,1
260,50.0,0,1,0,1,0,0,0,1,1,0,1
261,29.9,0,0,0,0,1,0,1,0,0,1,0
262,3.0,4,2,0,0,1,0,0,1,0,1,1
263,52.0,1,1,1,0,0,0,0,1,0,1,0
264,40.0,0,0,1,0,0,0,0,1,0,1,0
265,29.9,0,0,0,0,1,0,1,0,1,0,0
266,36.0,0,0,0,1,0,0,0,1,0,1,0
267,16.0,4,1,0,0,1,0,0,1,0,1,0
268,25.0,1,0,0,0,1,0,0,1,0,1,1
269,58.0,0,1,1,0,0,0,0,1,1,0,1
270,35.0,0,0,1,0,0,0,0,1,1,0,1
271,29.9,0,0,1,0,0,0,0,1,0,1,0
272,25.0,0,0,0,0,1,0,0,1,0,1,1
273,41.0,0,1,0,1,0,0,0,1,1,0,1
274,37.0,0,1,1,0,0,1,0,0,0,1,0
275,29.9,0,0,0,0,1,0,1,0,1,0,1
276,63.0,1,0,1,0,0,0,0,1,1,0,1
277,45.0,0,0,0,0,1,0,0,1,1,0,0
278,29.9,0,0,0,1,0,0,0,1,0,1,0
279,7.0,4,1,0,0,1,0,1,0,0,1,0
280,35.0,1,1,0,0,1,0,0,1,1,0,1
281,65.0,0,0,0,0,1,0,1,0,0,1,0
282,28.0,0,0,0,0,1,0,0,1,0,1,0
283,16.0,0,0,0,0,1,0,0,1,0,1,0
284,19.0,0,0,0,0,1,0,0,1,0,1,1
285,29.9,0,0,1,0,0,0,0,1,0,1,0
286,33.0,0,0,0,0,1,1,0,0,0,1,0
287,30.0,0,0,0,0,1,0,0,1,0,1,1
288,22.0,0,0,0,0,1,0,0,1,0,1,0
289,42.0,0,0,0,1,0,0,0,1,0,1,1
290,22.0,0,0,0,0,1,0,1,0,1,0,1
291,26.0,0,0,1,0,0,0,0,1,1,0,1
292,19.0,1,0,1,0,0,1,0,0,1,0,1
293,36.0,0,0,0,1,0,1,0,0,0,1,0
294,24.0,0,0,0,0,1,0,0,1,1,0,0
295,24.0,0,0,0,0,1,0,0,1,0,1,0
296,29.9,0,0,1,0,0,1,0,0,0,1,0
297,23.5,0,0,0,0,1,1,0,0,0,1,0
298,2.0,1,2,1,0,0,0,0,1,1,0,0
299,29.9,0,0,1,0,0,0,0,1,0,1,1
300,50.0,0,1,1,0,0,1,0,0,1,0,1
301,29.9,0,0,0,0,1,0,1,0,1,0,1
302,29.9,2,0,0,0,1,0,1,0,0,1,1
303,19.0,0,0,0,0,1,0,0,1,0,1,0
304,29.9,0,0,0,1,0,0,1,0,1,0,1
305,29.9,0,0,0,0,1,0,0,1,0,1,0
306,0.92,1,2,1,0,0,0,0,1,0,1,1
307,29.9,0,0,1,0,0,1,0,0,1,0,1
308,17.0,1,0,1,0,0,1,0,0,1,0,1
309,30.0,1,0,0,1,0,1,0,0,0,1,0
310,30.0,0,0,1,0,0,1,0,0,1,0,1
311,24.0,0,0,1,0,0,1,0,0,1,0,1
312,18.0,2,2,1,0,0,1,0,0,1,0,1
313,26.0,1,1,0,1,0,0,0,1,1,0,0
314,28.0,0,0,0,0,1,0,0,1,0,1,0
315,43.0,1,1,0,1,0,0,0,1,0,1,0
316,26.0,0,0,0,0,1,0,0,1,1,0,1
317,24.0,1,0,0,1,0,0,0,1,1,0,1
318,54.0,0,0,0,1,0,0,0,1,0,1,0
319,31.0,0,2,1,0,0,0,0,1,1,0,1
320,40.0,1,1,1,0,0,1,0,0,1,0,1
321,22.0,0,0,0,0,1,0,0,1,0,1,0
322,27.0,0,0,0,0,1,0,0,1,0,1,0
323,30.0,0,0,0,1,0,0,1,0,1,0,1
324,22.0,1,1,0,1,0,0,0,1,1,0,1
325,29.9,8,2,0,0,1,0,0,1,0,1,0
326,36.0,0,0,1,0,0,1,0,0,1,0,1
327,61.0,0,0,0,0,1,0,0,1,0,1,0
328,36.0,0,0,0,1,0,0,0,1,1,0,1
329,31.0,1,1,0,0,1,0,0,1,1,0,1
330,16.0,0,1,1,0,0,1,0,0,1,0,1
331,29.9,2,0,0,0,1,0,1,0,1,0,1
332,45.5,0,0,1,0,0,0,0,1,0,1,0
333,38.0,0,1,1,0,0,0,0,1,0,1,0
334,16.0,2,0,0,0,1,0,0,1,0,1,0
335,29.9,1,0,1,0,0,0,0,1,1,0,1
336,29.9,0,0,0,0,1,0,0,1,0,1,0
337,29.0,1,0,1,0,0,0,0,1,0,1,0
338,41.0,0,0,1,0,0,1,0,0,1,0,1
339,45.0,0,0,0,0,1,0,0,1,0,1,1
340,45.0,0,0,1,0,0,0,0,1,0,1,0
341,2.0,1,1,0,1,0,0,0,1,0,1,1
342,24.0,3,2,1,0,0,0,0,1,1,0,1
343,28.0,0,0,0,1,0,0,0,1,0,1,0
344,25.0,0,0,0,1,0,0,0,1,0,1,0
345,36.0,0,0,0,1,0,0,0,1,0,1,0
346,24.0,0,0,0,1,0,0,0,1,1,0,1
347,40.0,0,0,0,1,0,0,0,1,1,0,1
348,29.9,1,0,0,0,1,0,0,1,1,0,1
349,3.0,1,1,0,0,1,0,0,1,0,1,1
350,42.0,0,0,0,0,1,0,0,1,0,1,0
351,23.0,0,0,0,0,1,0,0,1,0,1,0
352,29.9,0,0,1,0,0,0,0,1,0,1,0
353,15.0,1,1,0,0,1,1,0,0,0,1,0
354,25.0,1,0,0,0,1,0,0,1,0,1,0
355,29.9,0,0,0,0,1,1,0,0,0,1,0
356,28.0,0,0,0,0,1,0,0,1,0,1,0
357,22.0,0,1,1,0,0,0,0,1,1,0,1
358,38.0,0,0,0,1,0,0,0,1,1,0,0
359,29.9,0,0,0,0,1,0,1,0,1,0,1
360,29.9,0,0,0,0,1,0,1,0,1,0,1
361,40.0,1,4,0,0,1,0,0,1,0,1,0
362,29.0,1,0,0,1,0,1,0,0,0,1,0
363,45.0,0,1,0,0,1,1,0,0,1,0,0
364,35.0,0,0,0,0,1,0,0,1,0,1,0
365,29.9,1,0,0,0,1,0,1,0,0,1,0
366,30.0,0,0,0,0,1,0,0,1,0,1,0
367,60.0,1,0,1,0,0,1,0,0,1,0,1
368,29.9,0,0,0,0,1,1,0,0,1,0,1
369,29.9,0,0,0,0,1,0,1,0,1,0,1
370,24.0,0,0,1,0,0,1,0,0,1,0,1
371,25.0,1,0,1,0,0,1,0,0,0,1,1
372,18.0,1,0,0,0,1,0,0,1,0,1,0
373,19.0,0,0,0,0,1,0,0,1,0,1,0
374,22.0,0,0,1,0,0,1,0,0,0,1,0
375,3.0,3,1,0,0,1,0,0,1,1,0,0
376,29.9,1,0,1,0,0,1,0,0,1,0,1
377,22.0,0,0,0,0,1,0,0,1,1,0,1
378,27.0,0,2,1,0,0,1,0,0,0,1,0
379,20.0,0,0,0,0,1,1,0,0,0,1,0
380,19.0,0,0,0,0,1,0,0,1,0,1,0
381,42.0,0,0,1,0,0,1,0,0,1,0,1
382,1.0,0,2,0,0,1,1,0,0,1,0,1
383,32.0,0,0,0,0,1,0,0,1,0,1,0
384,35.0,1,0,1,0,0,0,0,1,1,0,1
385,29.9,0,0,0,0,1,0,0,1,0,1,0
386,18.0,0,0,0,1,0,0,0,1,0,1,0
387,1.0,5,2,0,0,1,0,0,1,0,1,0
388,36.0,0,0,0,1,0,0,0,1,1,0,1
389,29.9,0,0,0,0,1,0,1,0,0,1,0
390,17.0,0,0,0,1,0,1,0,0,1,0,1
391,36.0,1,2,1,0,0,0,0,1,0,1,1
392,21.0,0,0,0,0,1,0,0,1,0,1,1
393,28.0,2,0,0,0,1,0,0,1,0,1,0
394,23.0,1,0,1,0,0,1,0,0,1,0,1
395,24.0,0,2,0,0,1,0,0,1,1,0,1
396,22.0,0,0,0,0,1,0,0,1,0,1,0
397,31.0,0,0,0,0,1,0,0,1,1,0,0
398,46.0,0,0,0,1,0,0,0,1,0,1,0
399,23.0,0,0,0,1,0,0,0,1,0,1,0
400,28.0,0,0,0,1,0,0,0,1,1,0,1
401,39.0,0,0,0,0,1,0,0,1,0,1,1
402,26.0,0,0,0,0,1,0,0,1,0,1,0
403,21.0,1,0,0,0,1,0,0,1,1,0,0
404,28.0,1,0,0,0,1,0,0,1,0,1,0
405,20.0,0,0,0,0,1,0,0,1,1,0,0
406,34.0,1,0,0,1,0,0,0,1,0,1,0
407,51.0,0,0,0,0,1,0,0,1,0,1,0
408,3.0,1,1,0,1,0,0,0,1,0,1,1
409,21.0,0,0,0,0,1,0,0,1,0,1,0
410,29.9,3,1,0,0,1,0,0,1,1,0,0
411,29.9,0,0,0,0,1,0,0,1,0,1,0
412,29.9,0,0,0,0,1,0,1,0,0,1,0
413,33.0,1,0,1,0,0,0,1,0,1,0,1
414,29.9,0,0,0,1,0,0,0,1,0,1,0
415,44.0,0,0,0,0,1,0,0,1,0,1,1
416,29.9,0,0,0,0,1,0,0,1,1,0,0
417,34.0,1,1,0,1,0,0,0,1,1,0,1
418,18.0,0,2,0,1,0,0,0,1,1,0,1
419,30.0,0,0,0,1,0,0,0,1,0,1,0
420,10.0,0,2,0,0,1,0,0,1,1,0,0
421,29.9,0,0,0,0,1,1,0,0,0,1,0
422,21.0,0,0,0,0,1,0,1,0,0,1,0
423,29.0,0,0,0,0,1,0,0,1,0,1,0
424,28.0,1,1,0,0,1,0,0,1,1,0,0
425,18.0,1,1,0,0,1,0,0,1,0,1,0
426,29.9,0,0,0,0,1,0,0,1,0,1,0
427,28.0,1,0,0,1,0,0,0,1,1,0,1
428,19.0,0,0,0,1,0,0,0,1,1,0,1
429,29.9,0,0,0,0,1,0,1,0,0,1,0
430,32.0,0,0,0,0,1,0,0,1,0,1,1
431,28.0,0,0,1,0,0,0,0,1,0,1,1
432,29.9,1,0,0,0,1,0,0,1,1,0,1
433,42.0,1,0,0,1,0,0,0,1,1,0,1
434,17.0,0,0,0,0,1,0,0,1,0,1,0
435,50.0,1,0,1,0,0,0,0,1,0,1,0
436,14.0,1,2,1,0,0,0,0,1,1,0,1
437,21.0,2,2,0,0,1,0,0,1,1,0,0
438,24.0,2,3,0,1,0,0,0,1,1,0,1
439,64.0,1,4,1,0,0,0,0,1,0,1,0
440,31.0,0,0,0,1,0,0,0,1,0,1,0
441,45.0,1,1,0,1,0,0,0,1,1,0,1
442,20.0,0,0,0,0,1,0,0,1,0,1,0
443,25.0,1,0,0,0,1,0,0,1,0,1,0
444,28.0,0,0,0,1,0,0,0,1,1,0,1
445,29.9,0,0,0,0,1,0,0,1,0,1,1
446,4.0,0,2,1,0,0,0,0,1,0,1,1
447,13.0,0,1,0,1,0,0,0,1,1,0,1
448,34.0,0,0,1,0,0,0,0,1,0,1,1
449,5.0,2,1,0,0,1,1,0,0,1,0,1
450,52.0,0,0,1,0,0,0,0,1,0,1,1
451,36.0,1,2,0,1,0,0,0,1,0,1,0
452,29.9,1,0,0,0,1,0,0,1,0,1,0
453,30.0,0,0,1,0,0,1,0,0,0,1,0
454,49.0,1,0,1,0,0,1,0,0,0,1,1
455,29.9,0,0,0,0,1,0,0,1,0,1,0
456,29.0,0,0,0,0,1,1,0,0,0,1,1
457,65.0,0,0,1,0,0,0,0,1,0,1,0
458,29.9,1,0,1,0,0,0,0,1,1,0,1
459,50.0,0,0,0,1,0,0,0,1,1,0,1
460,29.9,0,0,0,0,1,0,1,0,0,1,0
461,48.0,0,0,1,0,0,0,0,1,0,1,1
462,34.0,0,0,0,0,1,0,0,1,0,1,0
463,47.0,0,0,1,0,0,0,0,1,0,1,0
464,48.0,0,0,0,1,0,0,0,1,0,1,0
465,29.9,0,0,0,0,1,0,0,1,0,1,0
466,38.0,0,0,0,0,1,0,0,1,0,1,0
467,29.9,0,0,0,1,0,0,0,1,0,1,0
468,56.0,0,0,1,0,0,0,0,1,0,1,0
469,29.9,0,0,0,0,1,0,1,0,0,1,0
470,0.75,2,1,0,0,1,1,0,0,1,0,1
471,29.9,0,0,0,0,1,0,0,1,0,1,0
472,38.0,0,0,0,0,1,0,0,1,0,1,0
473,33.0,1,2,0,1,0,0,0,1,1,0,1
474,23.0,0,0,0,1,0,1,0,0,1,0,1
475,22.0,0,0,0,0,1,0,0,1,1,0,0
476,29.9,0,0,1,0,0,0,0,1,0,1,0
477,34.0,1,0,0,1,0,0,0,1,0,1,0
478,29.0,1,0,0,0,1,0,0,1,0,1,0
479,22.0,0,0,0,0,1,0,0,1,0,1,0
480,2.0,0,1,0,0,1,0,0,1,1,0,1
481,9.0,5,2,0,0,1,0,0,1,0,1,0
482,29.9,0,0,0,1,0,0,0,1,0,1,0
483,50.0,0,0,0,0,1,0,0,1,0,1,0
484,63.0,0,0,0,0,1,0,0,1,1,0,1
485,25.0,1,0,1,0,0,1,0,0,0,1,1
486,29.9,3,1,0,0,1,0,0,1,1,0,0
487,35.0,1,0,1,0,0,0,0,1,1,0,1
488,58.0,0,0,1,0,0,1,0,0,0,1,0
489,30.0,0,0,0,0,1,0,0,1,0,1,0
490,9.0,1,1,0,0,1,0,0,1,0,1,1
491,29.9,1,0,0,0,1,0,0,1,0,1,0
492,21.0,0,0,0,0,1,0,0,1,0,1,0
493,55.0,0,0,1,0,0,0,0,1,0,1,0
494,71.0,0,0,1,0,0,1,0,0,0,1,0
495,21.0,0,0,0,0,1,0,0,1,0,1,0
496,29.9,0,0,0,0,1,1,0,0,0,1,0
497,54.0,1,0,1,0,0,1,0,0,1,0,1
498,29.9,0,0,0,0,1,0,0,1,0,1,0
499,25.0,1,2,1,0,0,0,0,1,1,0,0
500,24.0,0,0,0,0,1,0,0,1,0,1,0
501,17.0,0,0,0,0,1,0,0,1,0,1,0
502,21.0,0,0,0,0,1,0,1,0,1,0,0
503,29.9,0,0,0,0,1,0,1,0,1,0,0
504,37.0,0,0,0,0,1,0,0,1,1,0,0
505,16.0,0,0,1,0,0,0,0,1,1,0,1
506,18.0,1,0,1,0,0,1,0,0,0,1,0
507,33.0,0,2,0,1,0,0,0,1,1,0,1
508,29.9,0,0,1,0,0,0,0,1,0,1,1
509,28.0,0,0,0,0,1,0,0,1,0,1,0
510,26.0,0,0,0,0,1,0,0,1,0,1,1
511,29.0,0,0,0,0,1,0,1,0,0,1,1
512,29.9,0,0,0,0,1,0,0,1,0,1,0
513,36.0,0,0,1,0,0,0,0,1,0,1,1
514,54.0,1,0,1,0,0,1,0,0,1,0,1
515,24.0,0,0,0,0,1,0,0,1,0,1,0
516,47.0,0,0,1,0,0,0,0,1,0,1,0
517,34.0,0,0,0,1,0,0,0,1,1,0,1
518,29.9,0,0,0,0,1,0,1,0,0,1,0
519,36.0,1,0,0,1,0,0,0,1,1,0,1
520,32.0,0,0,0,0,1,0,0,1,0,1,0
521,30.0,0,0,1,0,0,0,0,1,1,0,1
522,22.0,0,0,0,0,1,0,0,1,0,1,0
523,29.9,0,0,0,0,1,1,0,0,0,1,0
524,44.0,0,1,1,0,0,1,0,0,1,0,1
525,29.9,0,0,0,0,1,1,0,0,0,1,0
526,40.5,0,0,0,0,1,0,1,0,0,1,0
527,50.0,0,0,0,1,0,0,0,1,1,0,1
528,29.9,0,0,1,0,0,0,0,1,0,1,0
529,39.0,0,0,0,0,1,0,0,1,0,1,0
530,23.0,2,1,0,1,0,0,0,1,0,1,0
531,2.0,1,1,0,1,0,0,0,1,1,0,1
532,29.9,0,0,0,0,1,1,0,0,0,1,0
533,17.0,1,1,0,0,1,1,0,0,0,1,0
534,29.9,0,2,0,0,1,1,0,0,1,0,1
535,30.0,0,0,0,0,1,0,0,1,1,0,0
536,7.0,0,2,0,1,0,0,0,1,1,0,1
537,45.0,0,0,1,0,0,0,0,1,0,1,0
538,30.0,0,0,1,0,0,1,0,0,1,0,1
539,29.9,0,0,0,0,1,0,0,1,0,1,0
540,22.0,0,2,1,0,0,1,0,0,1,0,1
541,36.0,0,2,1,0,0,0,0,1,1,0,1
542,9.0,4,2,0,0,1,0,0,1,1,0,0
543,11.0,4,2,0,0,1,0,0,1,1,0,0
544,32.0,1,0,0,1,0,0,0,1,0,1,1
545,50.0,1,0,1,0,0,1,0,0,0,1,0
546,64.0,0,0,1,0,0,0,0,1,0,1,0
547,19.0,1,0,0,1,0,0,0,1,1,0,1
548,29.9,0,0,0,1,0,1,0,0,0,1,1
549,33.0,1,1,0,0,1,0,0,1,0,1,0
550,8.0,1,1,0,1,0,0,0,1,0,1,1
551,17.0,0,2,1,0,0,1,0,0,0,1,1
552,27.0,0,0,0,1,0,0,0,1,0,1,0
553,29.9,0,0,0,0,1,0,1,0,0,1,0
554,22.0,0,0,0,0,1,1,0,0,0,1,1
555,22.0,0,0,0,0,1,0,0,1,1,0,1
556,62.0,0,0,1,0,0,0,0,1,0,1,0
557,48.0,1,0,1,0,0,1,0,0,1,0,1
558,29.9,0,0,1,0,0,1,0,0,0,1,0
559,39.0,1,1,1,0,0,0,0,1,1,0,1
560,36.0,1,0,0,0,1,0,0,1,1,0,1
561,29.9,0,0,0,0,1,0,1,0,0,1,0
562,40.0,0,0,0,0,1,0,0,1,0,1,0
563,28.0,0,0,0,1,0,0,0,1,0,1,0
564,29.9,0,0,0,0,1,0,0,1,0,1,0
565,29.9,0,0,0,0,1,0,0,1,1,0,0
566,24.0,2,0,0,0,1,0,0,1,0,1,0
567,19.0,0,0,0,0,1,0,0,1,0,1,0
568,29.0,0,4,0,0,1,0,0,1,1,0,0
569,29.9,0,0,0,0,1,1,0,0,0,1,0
570,32.0,0,0,0,0,1,0,0,1,0,1,1
571,62.0,0,0,0,1,0,0,0,1,0,1,1
572,53.0,2,0,1,0,0,0,0,1,1,0,1
573,36.0,0,0,1,0,0,0,0,1,0,1,1
574,29.9,0,0,0,0,1,0,1,0,1,0,1
575,16.0,0,0,0,0,1,0,0,1,0,1,0
576,19.0,0,0,0,0,1,0,0,1,0,1,0
577,34.0,0,0,0,1,0,0,0,1,1,0,1
578,39.0,1,0,1,0,0,0,0,1,1,0,1
579,29.9,1,0,0,0,1,1,0,0,1,0,0
580,32.0,0,0,0,0,1,0,0,1,0,1,1
581,25.0,1,1,0,1,0,0,0,1,1,0,1
582,39.0,1,1,1,0,0,1,0,0,1,0,1
583,54.0,0,0,0,1,0,0,0,1,0,1,0
584,36.0,0,0,1,0,0,1,0,0,0,1,0
585,29.9,0,0,0,0,1,1,0,0,0,1,0
586,18.0,0,2,1,0,0,0,0,1,1,0,1
587,47.0,0,0,0,1,0,0,0,1,0,1,0
588,60.0,1,1,1,0,0,1,0,0,0,1,1
589,22.0,0,0,0,0,1,0,0,1,0,1,0
590,29.9,0,0,0,0,1,0,0,1,0,1,0
591,35.0,0,0,0,0,1,0,0,1,0,1,0
592,52.0,1,0,1,0,0,1,0,0,1,0,1
593,47.0,0,0,0,0,1,0,0,1,0,1,0
594,29.9,0,2,0,0,1,0,1,0,1,0,0
595,37.0,1,0,0,1,0,0,0,1,0,1,0
596,36.0,1,1,0,0,1,0,0,1,0,1,0
597,29.9,0,0,0,1,0,0,0,1,1,0,1
598,49.0,0,0,0,0,1,0,0,1,0,1,0
599,29.9,0,0,0,0,1,1,0,0,0,1,0
600,49.0,1,0,1,0,0,1,0,0,0,1,1
601,24.0,2,1,0,1,0,0,0,1,1,0,1
602,29.9,0,0,0,0,1,0,0,1,0,1,0
603,29.9,0,0,1,0,0,0,0,1,0,1,0
604,44.0,0,0,0,0,1,0,0,1,0,1,0
605,35.0,0,0,1,0,0,1,0,0,0,1,1
606,36.0,1,0,0,0,1,0,0,1,0,1,0
607,30.0,0,0,0,0,1,0,0,1,0,1,0
608,27.0,0,0,1,0,0,0,0,1,0,1,1
609,22.0,1,2,0,1,0,1,0,0,1,0,1
610,40.0,0,0,1,0,0,0,0,1,1,0,1
611,39.0,1,5,0,0,1,0,0,1,1,0,0
612,29.9,0,0,0,0,1,0,0,1,0,1,0
613,29.9,1,0,0,0,1,0,1,0,1,0,1
614,29.9,0,0,0,0,1,0,1,0,0,1,0
615,35.0,0,0,0,0,1,0,0,1,0,1,0
616,24.0,1,2,0,1,0,0,0,1,1,0,1
617,34.0,1,1,0,0,1,0,0,1,0,1,0
618,26.0,1,0,0,0,1,0,0,1,1,0,0
619,4.0,2,1,0,1,0,0,0,1,1,0,1
620,26.0,0,0,0,1,0,0,0,1,0,1,0
621,27.0,1,0,0,0,1,1,0,0,0,1,0
622,42.0,1,0,1,0,0,0,0,1,0,1,1
623,20.0,1,1,0,0,1,1,0,0,0,1,1
624,21.0,0,0,0,0,1,0,0,1,0,1,0
625,21.0,0,0,0,0,1,0,0,1,0,1,0
626,61.0,0,0,1,0,0,0,0,1,0,1,0
627,57.0,0,0,0,1,0,0,1,0,0,1,0
628,21.0,0,0,1,0,0,0,0,1,1,0,1
629,26.0,0,0,0,0,1,0,0,1,0,1,0
630,29.9,0,0,0,0,1,0,1,0,0,1,0
631,80.0,0,0,1,0,0,0,0,1,0,1,1
632,51.0,0,0,0,0,1,0,0,1,0,1,0
633,32.0,0,0,1,0,0,1,0,0,0,1,1
634,29.9,0,0,1,0,0,0,0,1,0,1,0
635,9.0,3,2,0,0,1,0,0,1,1,0,0
636,28.0,0,0,0,1,0,0,0,1,1,0,1
637,32.0,0,0,0,0,1,0,0,1,0,1,0
638,31.0,1,1,0,1,0,0,0,1,0,1,0
639,41.0,0,5,0,0,1,0,0,1,1,0,0
640,29.9,1,0,0,0,1,0,0,1,0,1,0
641,20.0,0,0,0,0,1,0,0,1,0,1,0
642,24.0,0,0,1,0,0,1,0,0,1,0,1
643,2.0,3,2,0,0,1,0,0,1,1,0,0
644,29.9,0,0,0,0,1,0,0,1,0,1,1
645,0.75,2,1,0,0,1,1,0,0,1,0,1
646,48.0,1,0,1,0,0,1,0,0,0,1,1
647,19.0,0,0,0,0,1,0,0,1,0,1,0
648,56.0,0,0,1,0,0,1,0,0,0,1,1
649,29.9,0,0,0,0,1,0,0,1,0,1,0
650,23.0,0,0,0,0,1,0,0,1,1,0,1
651,29.9,0,0,0,0,1,0,0,1,0,1,0
652,18.0,0,1,0,1,0,0,0,1,1,0,1
653,21.0,0,0,0,0,1,0,0,1,0,1,0
654,29.9,0,0,0,0,1,0,1,0,1,0,1
655,18.0,0,0,0,0,1,0,1,0,1,0,0
656,24.0,2,0,0,1,0,0,0,1,0,1,0
657,29.9,0,0,0,0,1,0,0,1,0,1,0
658,32.0,1,1,0,0,1,0,1,0,1,0,0
659,23.0,0,0,0,1,0,0,0,1,0,1,0
660,58.0,0,2,1,0,0,1,0,0,0,1,0
661,50.0,2,0,1,0,0,0,0,1,0,1,1
662,40.0,0,0,0,0,1,1,0,0,0,1,0
663,47.0,0,0,1,0,0,0,0,1,0,1,0
664,36.0,0,0,0,0,1,0,0,1,0,1,0
665,20.0,1,0,0,0,1,0,0,1,0,1,1
666,32.0,2,0,0,1,0,0,0,1,0,1,0
667,25.0,0,0,0,1,0,0,0,1,0,1,0
668,29.9,0,0,0,0,1,0,0,1,0,1,0
669,43.0,0,0,0,0,1,0,0,1,0,1,0
670,29.9,1,0,1,0,0,0,0,1,1,0,1
671,40.0,1,1,0,1,0,0,0,1,1,0,1
672,31.0,1,0,1,0,0,0,0,1,0,1,0
673,70.0,0,0,0,1,0,0,0,1,0,1,0
674,31.0,0,0,0,1,0,0,0,1,0,1,1
675,29.9,0,0,0,1,0,0,0,1,0,1,0
676,18.0,0,0,0,0,1,0,0,1,0,1,0
677,24.5,0,0,0,0,1,0,0,1,0,1,0
678,18.0,0,0,0,0,1,0,0,1,1,0,1
679,43.0,1,6,0,0,1,0,0,1,1,0,0
680,36.0,0,1,1,0,0,1,0,0,0,1,1
681,29.9,0,0,0,0,1,0,1,0,1,0,0
682,27.0,0,0,1,0,0,1,0,0,0,1,1
683,20.0,0,0,0,0,1,0,0,1,0,1,0
684,14.0,5,2,0,0,1,0,0,1,0,1,0
685,60.0,1,1,0,1,0,0,0,1,0,1,0
686,25.0,1,2,0,1,0,1,0,0,0,1,0
687,14.0,4,1,0,0,1,0,0,1,0,1,0
688,19.0,0,0,0,0,1,0,0,1,0,1,0
689,18.0,0,0,0,0,1,0,0,1,0,1,0
690,15.0,0,1,1,0,0,0,0,1,1,0,1
691,31.0,1,0,1,0,0,0,0,1,0,1,1
692,4.0,0,1,0,0,1,1,0,0,1,0,1
693,29.9,0,0,0,0,1,0,0,1,0,1,1
694,25.0,0,0,0,0,1,1,0,0,0,1,0
695,60.0,0,0,1,0,0,0,0,1,0,1,0
696,52.0,0,0,0,1,0,0,0,1,0,1,0
697,44.0,0,0,0,0,1,0,0,1,0,1,0
698,29.9,0,0,0,0,1,0,1,0,1,0,1
699,49.0,1,1,1,0,0,1,0,0,0,1,0
700,42.0,0,0,0,0,1,0,0,1,0,1,0
701,18.0,1,0,1,0,0,1,0,0,1,0,1
702,35.0,0,0,1,0,0,0,0,1,0,1,1
703,18.0,0,1,0,0,1,1,0,0,1,0,0
704,25.0,0,0,0,0,1,0,1,0,0,1,0
705,26.0,1,0,0,0,1,0,0,1,0,1,0
706,39.0,0,0,0,1,0,0,0,1,0,1,0
707,45.0,0,0,0,1,0,0,0,1,1,0,1
708,42.0,0,0,1,0,0,0,0,1,0,1,1
709,22.0,0,0,1,0,0,0,0,1,1,0,1
710,29.9,1,1,0,0,1,1,0,0,0,1,1
711,24.0,0,0,1,0,0,1,0,0,1,0,1
712,29.9,0,0,1,0,0,0,0,1,0,1,0
713,48.0,1,0,1,0,0,0,0,1,0,1,1
714,29.0,0,0,0,0,1,0,0,1,0,1,0
715,52.0,0,0,0,1,0,0,0,1,0,1,0
716,19.0,0,0,0,0,1,0,0,1,0,1,0
717,38.0,0,0,1,0,0,1,0,0,1,0,1
718,27.0,0,0,0,1,0,0,0,1,1,0,1
719,29.9,0,0,0,0,1,0,1,0,0,1,0
720,33.0,0,0,0,0,1,0,0,1,0,1,0
721,6.0,0,1,0,1,0,0,0,1,1,0,1
722,17.0,1,0,0,0,1,0,0,1,0,1,0
723,34.0,0,0,0,1,0,0,0,1,0,1,0
724,50.0,0,0,0,1,0,0,0,1,0,1,0
725,27.0,1,0,1,0,0,0,0,1,0,1,1
726,20.0,0,0,0,0,1,0,0,1,0,1,0
727,30.0,3,0,0,1,0,0,0,1,1,0,1
728,29.9,0,0,0,0,1,0,1,0,1,0,1
729,25.0,1,0,0,1,0,0,0,1,0,1,0
730,25.0,1,0,0,0,1,0,0,1,1,0,0
731,29.0,0,0,1,0,0,0,0,1,1,0,1
732,11.0,0,0,0,0,1,1,0,0,0,1,0
733,29.9,0,0,0,1,0,0,0,1,0,1,0
734,23.0,0,0,0,1,0,0,0,1,0,1,0
735,23.0,0,0,0,1,0,0,0,1,0,1,0
736,28.5,0,0,0,0,1,0,0,1,0,1,0
737,48.0,1,3,0,0,1,0,0,1,1,0,0
738,35.0,0,0,1,0,0,1,0,0,0,1,1
739,29.9,0,0,0,0,1,0,0,1,0,1,0
740,29.9,0,0,0,0,1,0,0,1,0,1,0
741,29.9,0,0,1,0,0,0,0,1,0,1,1
742,36.0,1,0,1,0,0,0,0,1,0,1,0
743,21.0,2,2,1,0,0,1,0,0,1,0,1
744,24.0,1,0,0,0,1,0,0,1,0,1,0
745,31.0,0,0,0,0,1,0,0,1,0,1,1
746,70.0,1,1,1,0,0,0,0,1,0,1,0
747,16.0,1,1,0,0,1,0,0,1,0,1,0
748,30.0,0,0,0,1,0,0,0,1,1,0,1
749,19.0,1,0,1,0,0,0,0,1,0,1,0
750,31.0,0,0,0,0,1,0,1,0,0,1,0
751,4.0,1,1,0,1,0,0,0,1,1,0,1
752,6.0,0,1,0,0,1,0,0,1,0,1,1
753,33.0,0,0,0,0,1,0,0,1,0,1,0
754,23.0,0,0,0,0,1,0,0,1,0,1,0
755,48.0,1,2,0,1,0,0,0,1,1,0,1
756,0.67,1,1,0,1,0,0,0,1,0,1,1
757,28.0,0,0,0,0,1,0,0,1,0,1,0
758,18.0,0,0,0,1,0,0,0,1,0,1,0
759,34.0,0,0,0,0,1,0,0,1,0,1,0
760,33.0,0,0,1,0,0,0,0,1,1,0,1
761,29.9,0,0,0,0,1,0,0,1,0,1,0
762,41.0,0,0,0,0,1,0,0,1,0,1,0
763,20.0,0,0,0,0,1,1,0,0,0,1,1
764,36.0,1,2,1,0,0,0,0,1,1,0,1
765,16.0,0,0,0,0,1,0,0,1,0,1,0
766,51.0,1,0,1,0,0,0,0,1,1,0,1
767,29.9,0,0,1,0,0,1,0,0,0,1,0
768,30.5,0,0,0,0,1,0,1,0,1,0,0
769,29.9,1,0,0,0,1,0,1,0,0,1,0
770,32.0,0,0,0,0,1,0,0,1,0,1,0
771,24.0,0,0,0,0,1,0,0,1,0,1,0
772,48.0,0,0,0,0,1,0,0,1,0,1,0
773,57.0,0,0,0,1,0,0,0,1,1,0,0
774,29.9,0,0,0,0,1,1,0,0,0,1,0
775,54.0,1,3,0,1,0,0,0,1,1,0,1
776,18.0,0,0,0,0,1,0,0,1,0,1,0
777,29.9,0,0,0,0,1,0,1,0,0,1,0
778,5.0,0,0,0,0,1,0,0,1,1,0,1
779,29.9,0,0,0,0,1,0,1,0,0,1,0
780,43.0,0,1,1,0,0,0,0,1,1,0,1
781,13.0,0,0,0,0,1,1,0,0,1,0,1
782,17.0,1,0,1,0,0,0,0,1,1,0,1
783,29.0,0,0,1,0,0,0,0,1,0,1,0
784,29.9,1,2,0,0,1,0,0,1,0,1,0
785,25.0,0,0,0,0,1,0,0,1,0,1,0
786,25.0,0,0,0,0,1,0,0,1,0,1,0
787,18.0,0,0,0,0,1,0,0,1,1,0,1
788,8.0,4,1,0,0,1,0,1,0,0,1,0
789,1.0,1,2,0,0,1,0,0,1,0,1,1
790,46.0,0,0,1,0,0,1,0,0,0,1,0
791,29.9,0,0,0,0,1,0,1,0,0,1,0
792,16.0,0,0,0,1,0,0,0,1,0,1,0
793,29.9,8,2,0,0,1,0,0,1,1,0,0
794,29.9,0,0,1,0,0,1,0,0,0,1,0
795,25.0,0,0,0,0,1,0,0,1,0,1,0
796,39.0,0,0,0,1,0,0,0,1,0,1,0
797,49.0,0,0,1,0,0,0,0,1,1,0,1
798,31.0,0,0,0,0,1,0,0,1,1,0,1
799,30.0,0,0,0,0,1,1,0,0,0,1,0
800,30.0,1,1,0,0,1,0,0,1,1,0,0
801,34.0,0,0,0,1,0,0,0,1,0,1,0
802,31.0,1,1,0,1,0,0,0,1,1,0,1
803,11.0,1,2,1,0,0,0,0,1,0,1,1
804,0.42,0,1,0,0,1,1,0,0,0,1,1
805,27.0,0,0,0,0,1,0,0,1,0,1,1
806,31.0,0,0,0,0,1,0,0,1,0,1,0
807,39.0,0,0,1,0,0,0,0,1,0,1,0
808,18.0,0,0,0,0,1,0,0,1,1,0,0
809,39.0,0,0,0,1,0,0,0,1,0,1,0
810,33.0,1,0,1,0,0,0,0,1,1,0,1
811,26.0,0,0,0,0,1,0,0,1,0,1,0
812,39.0,0,0,0,0,1,0,0,1,0,1,0
813,35.0,0,0,0,1,0,0,0,1,0,1,0
814,6.0,4,2,0,0,1,0,0,1,1,0,0
815,30.5,0,0,0,0,1,0,0,1,0,1,0
816,29.9,0,0,1,0,0,0,0,1,0,1,0
817,23.0,0,0,0,0,1,0,0,1,1,0,0
818,31.0,1,1,0,1,0,1,0,0,0,1,0
819,43.0,0,0,0,0,1,0,0,1,0,1,0
820,10.0,3,2,0,0,1,0,0,1,0,1,0
821,52.0,1,1,1,0,0,0,0,1,1,0,1
822,27.0,0,0,0,0,1,0,0,1,0,1,1
823,38.0,0,0,1,0,0,0,0,1,0,1,0
824,27.0,0,1,0,0,1,0,0,1,1,0,1
825,2.0,4,1,0,0,1,0,0,1,0,1,0
826,29.9,0,0,0,0,1,0,1,0,0,1,0
827,29.9,0,0,0,0,1,0,0,1,0,1,0
828,1.0,0,2,0,1,0,1,0,0,0,1,1
829,29.9,0,0,0,0,1,0,1,0,0,1,1
830,62.0,0,0,1,0,0,0,0,0,1,0,1
831,15.0,1,0,0,0,1,1,0,0,1,0,1
832,0.83,1,1,0,1,0,0,0,1,0,1,1
833,29.9,0,0,0,0,1,1,0,0,0,1,0
834,23.0,0,0,0,0,1,0,0,1,0,1,0
835,18.0,0,0,0,0,1,0,0,1,0,1,0
836,39.0,1,1,1,0,0,1,0,0,1,0,1
837,21.0,0,0,0,0,1,0,0,1,0,1,0
838,29.9,0,0,0,0,1,0,0,1,0,1,0
839,32.0,0,0,0,0,1,0,0,1,0,1,1
840,29.9,0,0,1,0,0,1,0,0,0,1,1
841,20.0,0,0,0,0,1,0,0,1,0,1,0
842,16.0,0,0,0,1,0,0,0,1,0,1,0
843,30.0,0,0,1,0,0,1,0,0,1,0,1
844,34.5,0,0,0,0,1,1,0,0,0,1,0
845,17.0,0,0,0,0,1,0,0,1,0,1,0
846,42.0,0,0,0,0,1,0,0,1,0,1,0
847,29.9,8,2,0,0,1,0,0,1,0,1,0
848,35.0,0,0,0,0,1,1,0,0,0,1,0
849,28.0,0,1,0,1,0,0,0,1,0,1,0
850,29.9,1,0,1,0,0,1,0,0,1,0,1
851,4.0,4,2,0,0,1,0,0,1,0,1,0
852,74.0,0,0,0,0,1,0,0,1,0,1,0
853,9.0,1,1,0,0,1,1,0,0,1,0,0
854,16.0,0,1,1,0,0,0,0,1,1,0,1
855,44.0,1,0,0,1,0,0,0,1,1,0,0
856,18.0,0,1,0,0,1,0,0,1,1,0,1
857,45.0,1,1,1,0,0,0,0,1,1,0,1
858,51.0,0,0,1,0,0,0,0,1,0,1,1
859,24.0,0,3,0,0,1,1,0,0,1,0,1
860,29.9,0,0,0,0,1,1,0,0,0,1,0
861,41.0,2,0,0,0,1,0,0,1,0,1,0
862,21.0,1,0,0,1,0,0,0,1,0,1,0
863,48.0,0,0,1,0,0,0,0,1,1,0,1
864,29.9,8,2,0,0,1,0,0,1,1,0,0
865,24.0,0,0,0,1,0,0,0,1,0,1,0
866,42.0,0,0,0,1,0,0,0,1,1,0,1
867,27.0,1,0,0,1,0,1,0,0,1,0,1
868,31.0,0,0,1,0,0,0,0,1,0,1,0
869,29.9,0,0,0,0,1,0,0,1,0,1,0
870,4.0,1,1,0,0,1,0,0,1,0,1,1
871,26.0,0,0,0,0,1,0,0,1,0,1,0
872,47.0,1,1,1,0,0,0,0,1,1,0,1
873,33.0,0,0,1,0,0,0,0,1,0,1,0
874,47.0,0,0,0,0,1,0,0,1,0,1,0
875,28.0,1,0,0,1,0,1,0,0,1,0,1
876,15.0,0,0,0,0,1,1,0,0,1,0,1
877,20.0,0,0,0,0,1,0,0,1,0,1,0
878,19.0,0,0,0,0,1,0,0,1,0,1,0
879,29.9,0,0,0,0,1,0,0,1,0,1,0
880,56.0,0,1,1,0,0,1,0,0,1,0,1
881,25.0,0,1,0,1,0,0,0,1,1,0,1
882,33.0,0,0,0,0,1,0,0,1,0,1,0
883,22.0,0,0,0,0,1,0,0,1,1,0,0
884,28.0,0,0,0,1,0,0,0,1,0,1,0
885,25.0,0,0,0,0,1,0,0,1,0,1,0
886,39.0,0,5,0,0,1,0,1,0,1,0,0
887,27.0,0,0,0,1,0,0,0,1,0,1,0
888,19.0,0,0,1,0,0,0,0,1,1,0,1
889,29.9,1,2,0,0,1,0,0,1,1,0,0
890,26.0,0,0,1,0,0,1,0,0,0,1,1
891,32.0,0,0,0,0,1,0,1,0,0,1,0
